symbol,timestamp,close,endTime,startTime,chartPrevClose,interval,range
GBPJPY=X,1666738800,169.599,,,169.599,1d,6mo
GBPJPY=X,1666825200,170.052,,,169.599,1d,6mo
GBPJPY=X,1666911600,169.132,,,169.599,1d,6mo
GBPJPY=X,1667174400,171.376,,,169.599,1d,6mo
GBPJPY=X,1667260800,170.551,,,169.599,1d,6mo
GBPJPY=X,1667347200,169.926,,,169.599,1d,6mo
GBPJPY=X,1667433600,168.339,,,169.599,1d,6mo
GBPJPY=X,1667520000,165.743,,,169.599,1d,6mo
GBPJPY=X,1667779200,166.375,,,169.599,1d,6mo
GBPJPY=X,1667865600,168.838,,,169.599,1d,6mo
GBPJPY=X,1667952000,167.806,,,169.599,1d,6mo
GBPJPY=X,1668038400,166.15,,,169.599,1d,6mo
GBPJPY=X,1668124800,165.706,,,169.599,1d,6mo
GBPJPY=X,1668384000,164.64,,,169.599,1d,6mo
GBPJPY=X,1668470400,164.627,,,169.599,1d,6mo
GBPJPY=X,1668556800,165.068,,,169.599,1d,6mo
GBPJPY=X,1668643200,165.978,,,169.599,1d,6mo
GBPJPY=X,1668729600,166.508,,,169.599,1d,6mo
GBPJPY=X,1668988800,166.678,,,169.599,1d,6mo
GBPJPY=X,1669075200,168.029,,,169.599,1d,6mo
GBPJPY=X,1669161600,167.876,,,169.599,1d,6mo
GBPJPY=X,1669248000,168.111,,,169.599,1d,6mo
GBPJPY=X,1669334400,167.866,,,169.599,1d,6mo
GBPJPY=X,1669593600,167.986,,,169.599,1d,6mo
GBPJPY=X,1669680000,165.894,,,169.599,1d,6mo
GBPJPY=X,1669766400,165.744,,,169.599,1d,6mo
GBPJPY=X,1669852800,165.84,,,169.599,1d,6mo
GBPJPY=X,1669939200,165.662,,,169.599,1d,6mo
GBPJPY=X,1670198400,165.01,,,169.599,1d,6mo
GBPJPY=X,1670284800,166.591,,,169.599,1d,6mo
GBPJPY=X,1670371200,166.056,,,169.599,1d,6mo
GBPJPY=X,1670457600,166.518,,,169.599,1d,6mo
GBPJPY=X,1670544000,167.12,,,169.599,1d,6mo
GBPJPY=X,1670803200,167.296,,,169.599,1d,6mo
GBPJPY=X,1670889600,168.687,,,169.599,1d,6mo
GBPJPY=X,1670976000,167.509,,,169.599,1d,6mo
GBPJPY=X,1671062400,168.077,,,169.599,1d,6mo
GBPJPY=X,1671148800,167.874,,,169.599,1d,6mo
GBPJPY=X,1671408000,166.048,,,169.599,1d,6mo
GBPJPY=X,1671494400,166.459,,,169.599,1d,6mo
GBPJPY=X,1671580800,160.737,,,169.599,1d,6mo
GBPJPY=X,1671667200,159.843,,,169.599,1d,6mo
GBPJPY=X,1671753600,159.32,,,169.599,1d,6mo
GBPJPY=X,1672012800,160.9001,,,169.599,1d,6mo
GBPJPY=X,1672099200,160.401,,,169.599,1d,6mo
GBPJPY=X,1672185600,160.517,,,169.599,1d,6mo
GBPJPY=X,1672272000,161.198,,,169.599,1d,6mo
GBPJPY=X,1672358400,160.226,,,169.599,1d,6mo
GBPJPY=X,1672617600,158.112,,,169.599,1d,6mo
GBPJPY=X,1672704000,157.757,,,169.599,1d,6mo
GBPJPY=X,1672790400,157.074,,,169.599,1d,6mo
GBPJPY=X,1672876800,159.429,,,169.599,1d,6mo
GBPJPY=X,1672963200,158.759,,,169.599,1d,6mo
GBPJPY=X,1673222400,159.744,,,169.599,1d,6mo
GBPJPY=X,1673308800,160.489,,,169.599,1d,6mo
GBPJPY=X,1673395200,160.507,,,169.599,1d,6mo
GBPJPY=X,1673481600,160.336,,,169.599,1d,6mo
GBPJPY=X,1673568000,157.795,,,169.599,1d,6mo
GBPJPY=X,1673827200,156.505,,,169.599,1d,6mo
GBPJPY=X,1673913600,156.621,,,169.599,1d,6mo
GBPJPY=X,1674000000,157.534,,,169.599,1d,6mo
GBPJPY=X,1674086400,158.698,,,169.599,1d,6mo
GBPJPY=X,1674172800,159.076,,,169.599,1d,6mo
GBPJPY=X,1674432000,160.458,,,169.599,1d,6mo
GBPJPY=X,1674518400,161.626,,,169.599,1d,6mo
GBPJPY=X,1674604800,160.509,,,169.599,1d,6mo
GBPJPY=X,1674691200,160.388,,,169.599,1d,6mo
GBPJPY=X,1674777600,161.133,,,169.599,1d,6mo
GBPJPY=X,1675036800,160.998,,,169.599,1d,6mo
GBPJPY=X,1675123200,161.12,,,169.599,1d,6mo
GBPJPY=X,1675209600,160.1,,,169.599,1d,6mo
GBPJPY=X,1675296000,159.301,,,169.599,1d,6mo
GBPJPY=X,1675382400,157.32,,,169.599,1d,6mo
GBPJPY=X,1675641600,158.981,,,169.599,1d,6mo
GBPJPY=X,1675728000,159.48,,,169.599,1d,6mo
GBPJPY=X,1675814400,157.94,,,169.599,1d,6mo
GBPJPY=X,1675900800,158.575,,,169.599,1d,6mo
GBPJPY=X,1675987200,159.333,,,169.599,1d,6mo
GBPJPY=X,1676246400,158.527,,,169.599,1d,6mo
GBPJPY=X,1676332800,160.798,,,169.599,1d,6mo
GBPJPY=X,1676419200,161.891,,,169.599,1d,6mo
GBPJPY=X,1676505600,161.146,,,169.599,1d,6mo
GBPJPY=X,1676592000,160.531,,,169.599,1d,6mo
GBPJPY=X,1676851200,161.55,,,169.599,1d,6mo
GBPJPY=X,1676937600,161.702,,,169.599,1d,6mo
GBPJPY=X,1677024000,163.436,,,169.599,1d,6mo
GBPJPY=X,1677110400,162.543,,,169.599,1d,6mo
GBPJPY=X,1677196800,161.76,,,169.599,1d,6mo
GBPJPY=X,1677456000,162.995,,,169.599,1d,6mo
GBPJPY=X,1677542400,164.381,,,169.599,1d,6mo
GBPJPY=X,1677628800,164.046,,,169.599,1d,6mo
GBPJPY=X,1677715200,163.786,,,169.599,1d,6mo
GBPJPY=X,1677801600,163.359,,,169.599,1d,6mo
GBPJPY=X,1678060800,163.589,,,169.599,1d,6mo
GBPJPY=X,1678147200,163.508,,,169.599,1d,6mo
GBPJPY=X,1678233600,162.475,,,169.599,1d,6mo
GBPJPY=X,1678320000,162.591,,,169.599,1d,6mo
GBPJPY=X,1678406400,162.591,,,169.599,1d,6mo
GBPJPY=X,1678665600,162.998,,,169.599,1d,6mo
GBPJPY=X,1678752000,161.982,,,169.599,1d,6mo
GBPJPY=X,1678838400,163.293,,,169.599,1d,6mo
GBPJPY=X,1678924800,160.387,,,169.599,1d,6mo
GBPJPY=X,1679011200,161.486,,,169.599,1d,6mo
GBPJPY=X,1679270400,161.196,,,169.599,1d,6mo
GBPJPY=X,1679356800,161.268,,,169.599,1d,6mo
GBPJPY=X,1679443200,161.776,,,169.599,1d,6mo
GBPJPY=X,1679529600,161.062,,,169.599,1d,6mo
GBPJPY=X,1679616000,160.686,,,169.599,1d,6mo
GBPJPY=X,1679871600,159.83,,,169.599,1d,6mo
GBPJPY=X,1679958000,161.37,,,169.599,1d,6mo
GBPJPY=X,1680044400,161.575,,,169.599,1d,6mo
GBPJPY=X,1680130800,163.221,,,169.599,1d,6mo
GBPJPY=X,1680217200,164.96,,,169.599,1d,6mo
GBPJPY=X,1680476400,163.828,,,169.599,1d,6mo
GBPJPY=X,1680562800,164.34,,,169.599,1d,6mo
GBPJPY=X,1680649200,164.226,,,169.599,1d,6mo
GBPJPY=X,1680735600,163.107,,,169.599,1d,6mo
GBPJPY=X,1680822000,163.728,,,169.599,1d,6mo
GBPJPY=X,1681081200,164.198,,,169.599,1d,6mo
GBPJPY=X,1681167600,165.367,,,169.599,1d,6mo
GBPJPY=X,1681254000,166.044,,,169.599,1d,6mo
GBPJPY=X,1681340400,166.243,,,169.599,1d,6mo
GBPJPY=X,1681426800,165.917,,,169.599,1d,6mo
GBPJPY=X,1681686000,166.111,,,169.599,1d,6mo
GBPJPY=X,1681772400,166.351,,,169.599,1d,6mo
GBPJPY=X,1681858800,166.527,,,169.599,1d,6mo
GBPJPY=X,1681945200,167.407,,,169.599,1d,6mo
GBPJPY=X,1682031600,166.682,,,169.599,1d,6mo
GBPJPY=X,1682290800,166.73,,,169.599,1d,6mo
GBPJPY=X,1682377200,167.584,,,169.599,1d,6mo
GBPJPY=X,1682506145,166.627,,,169.599,1d,6mo
NZDUSD=X,1666738800,0.5743,,,0.5743,1d,6mo
NZDUSD=X,1666825200,0.584,,,0.5743,1d,6mo
NZDUSD=X,1666911600,0.5828,,,0.5743,1d,6mo
NZDUSD=X,1667174400,0.5802,,,0.5743,1d,6mo
NZDUSD=X,1667260800,0.5825,,,0.5743,1d,6mo
NZDUSD=X,1667347200,0.5848,,,0.5743,1d,6mo
NZDUSD=X,1667433600,0.5813,,,0.5743,1d,6mo
NZDUSD=X,1667520000,0.5769,,,0.5743,1d,6mo
NZDUSD=X,1667779200,0.5894,,,0.5743,1d,6mo
NZDUSD=X,1667865600,0.594,,,0.5743,1d,6mo
NZDUSD=X,1667952000,0.5963,,,0.5743,1d,6mo
NZDUSD=X,1668038400,0.5886,,,0.5743,1d,6mo
NZDUSD=X,1668124800,0.6018,,,0.5743,1d,6mo
NZDUSD=X,1668384000,0.6105,,,0.5743,1d,6mo
NZDUSD=X,1668470400,0.609,,,0.5743,1d,6mo
NZDUSD=X,1668556800,0.6166,,,0.5743,1d,6mo
NZDUSD=X,1668643200,0.615,,,0.5743,1d,6mo
NZDUSD=X,1668729600,0.6129,,,0.5743,1d,6mo
NZDUSD=X,1668988800,0.6168,,,0.5743,1d,6mo
NZDUSD=X,1669075200,0.6098,,,0.5743,1d,6mo
NZDUSD=X,1669161600,0.6156,,,0.5743,1d,6mo
NZDUSD=X,1669248000,0.6253,,,0.5743,1d,6mo
NZDUSD=X,1669334400,0.626,,,0.5743,1d,6mo
NZDUSD=X,1669593600,0.6217,,,0.5743,1d,6mo
NZDUSD=X,1669680000,0.6164,,,0.5743,1d,6mo
NZDUSD=X,1669766400,0.6197,,,0.5743,1d,6mo
NZDUSD=X,1669852800,0.6314,,,0.5743,1d,6mo
NZDUSD=X,1669939200,0.637,,,0.5743,1d,6mo
NZDUSD=X,1670198400,0.6405,,,0.5743,1d,6mo
NZDUSD=X,1670284800,0.6323,,,0.5743,1d,6mo
NZDUSD=X,1670371200,0.6324,,,0.5743,1d,6mo
NZDUSD=X,1670457600,0.6354,,,0.5743,1d,6mo
NZDUSD=X,1670544000,0.6379,,,0.5743,1d,6mo
NZDUSD=X,1670803200,0.6393,,,0.5743,1d,6mo
NZDUSD=X,1670889600,0.6388,,,0.5743,1d,6mo
NZDUSD=X,1670976000,0.6454,,,0.5743,1d,6mo
NZDUSD=X,1671062400,0.6454,,,0.5743,1d,6mo
NZDUSD=X,1671148800,0.6343,,,0.5743,1d,6mo
NZDUSD=X,1671408000,0.6371,,,0.5743,1d,6mo
NZDUSD=X,1671494400,0.6362,,,0.5743,1d,6mo
NZDUSD=X,1671580800,0.6344,,,0.5743,1d,6mo
NZDUSD=X,1671667200,0.629,,,0.5743,1d,6mo
NZDUSD=X,1671753600,0.6252,,,0.5743,1d,6mo
NZDUSD=X,1672012800,0.6293,,,0.5743,1d,6mo
NZDUSD=X,1672099200,0.6307,,,0.5743,1d,6mo
NZDUSD=X,1672185600,0.6273,,,0.5743,1d,6mo
NZDUSD=X,1672272000,0.6318,,,0.5743,1d,6mo
NZDUSD=X,1672358400,0.6346,,,0.5743,1d,6mo
NZDUSD=X,1672617600,0.6375,,,0.5743,1d,6mo
NZDUSD=X,1672704000,0.6326,,,0.5743,1d,6mo
NZDUSD=X,1672790400,0.6247,,,0.5743,1d,6mo
NZDUSD=X,1672876800,0.6285,,,0.5743,1d,6mo
NZDUSD=X,1672963200,0.6231,,,0.5743,1d,6mo
NZDUSD=X,1673222400,0.6359,,,0.5743,1d,6mo
NZDUSD=X,1673308800,0.637,,,0.5743,1d,6mo
NZDUSD=X,1673395200,0.6372,,,0.5743,1d,6mo
NZDUSD=X,1673481600,0.6368,,,0.5743,1d,6mo
NZDUSD=X,1673568000,0.6388,,,0.5743,1d,6mo
NZDUSD=X,1673827200,0.6385,,,0.5743,1d,6mo
NZDUSD=X,1673913600,0.639,,,0.5743,1d,6mo
NZDUSD=X,1674000000,0.6433,,,0.5743,1d,6mo
NZDUSD=X,1674086400,0.6445,,,0.5743,1d,6mo
NZDUSD=X,1674172800,0.6395,,,0.5743,1d,6mo
NZDUSD=X,1674432000,0.6489,,,0.5743,1d,6mo
NZDUSD=X,1674518400,0.649,,,0.5743,1d,6mo
NZDUSD=X,1674604800,0.6493,,,0.5743,1d,6mo
NZDUSD=X,1674691200,0.6484,,,0.5743,1d,6mo
NZDUSD=X,1674777600,0.6491,,,0.5743,1d,6mo
NZDUSD=X,1675036800,0.6492,,,0.5743,1d,6mo
NZDUSD=X,1675123200,0.6469,,,0.5743,1d,6mo
NZDUSD=X,1675209600,0.6438,,,0.5743,1d,6mo
NZDUSD=X,1675296000,0.6516,,,0.5743,1d,6mo
NZDUSD=X,1675382400,0.6477,,,0.5743,1d,6mo
NZDUSD=X,1675641600,0.6328,,,0.5743,1d,6mo
NZDUSD=X,1675728000,0.6309,,,0.5743,1d,6mo
NZDUSD=X,1675814400,0.6322,,,0.5743,1d,6mo
NZDUSD=X,1675900800,0.6315,,,0.5743,1d,6mo
NZDUSD=X,1675987200,0.6328,,,0.5743,1d,6mo
NZDUSD=X,1676246400,0.6312,,,0.5743,1d,6mo
NZDUSD=X,1676332800,0.6361,,,0.5743,1d,6mo
NZDUSD=X,1676419200,0.6335,,,0.5743,1d,6mo
NZDUSD=X,1676505600,0.628,,,0.5743,1d,6mo
NZDUSD=X,1676592000,0.6245,,,0.5743,1d,6mo
NZDUSD=X,1676851200,0.6236,,,0.5743,1d,6mo
NZDUSD=X,1676937600,0.6258,,,0.5743,1d,6mo
NZDUSD=X,1677024000,0.6216,,,0.5743,1d,6mo
NZDUSD=X,1677110400,0.6224,,,0.5743,1d,6mo
NZDUSD=X,1677196800,0.6231,,,0.5743,1d,6mo
NZDUSD=X,1677456000,0.6166,,,0.5743,1d,6mo
NZDUSD=X,1677542400,0.6164,,,0.5743,1d,6mo
NZDUSD=X,1677628800,0.6187,,,0.5743,1d,6mo
NZDUSD=X,1677715200,0.6257,,,0.5743,1d,6mo
NZDUSD=X,1677801600,0.6221,,,0.5743,1d,6mo
NZDUSD=X,1678060800,0.621,,,0.5743,1d,6mo
NZDUSD=X,1678147200,0.6198,,,0.5743,1d,6mo
NZDUSD=X,1678233600,0.6111,,,0.5743,1d,6mo
NZDUSD=X,1678320000,0.6115,,,0.5743,1d,6mo
NZDUSD=X,1678406400,0.6101,,,0.5743,1d,6mo
NZDUSD=X,1678665600,0.6161,,,0.5743,1d,6mo
NZDUSD=X,1678752000,0.6216,,,0.5743,1d,6mo
NZDUSD=X,1678838400,0.6231,,,0.5743,1d,6mo
NZDUSD=X,1678924800,0.6165,,,0.5743,1d,6mo
NZDUSD=X,1679011200,0.6203,,,0.5743,1d,6mo
NZDUSD=X,1679270400,0.6273,,,0.5743,1d,6mo
NZDUSD=X,1679356800,0.6243,,,0.5743,1d,6mo
NZDUSD=X,1679443200,0.6193,,,0.5743,1d,6mo
NZDUSD=X,1679529600,0.6233,,,0.5743,1d,6mo
NZDUSD=X,1679616000,0.6247,,,0.5743,1d,6mo
NZDUSD=X,1679871600,0.6211,,,0.5743,1d,6mo
NZDUSD=X,1679958000,0.6204,,,0.5743,1d,6mo
NZDUSD=X,1680044400,0.6254,,,0.5743,1d,6mo
NZDUSD=X,1680130800,0.6221,,,0.5743,1d,6mo
NZDUSD=X,1680217200,0.627,,,0.5743,1d,6mo
NZDUSD=X,1680476400,0.6225,,,0.5743,1d,6mo
NZDUSD=X,1680562800,0.6303,,,0.5743,1d,6mo
NZDUSD=X,1680649200,0.6315,,,0.5743,1d,6mo
NZDUSD=X,1680735600,0.6319,,,0.5743,1d,6mo
NZDUSD=X,1680822000,0.6246,,,0.5743,1d,6mo
NZDUSD=X,1681081200,0.6255,,,0.5743,1d,6mo
NZDUSD=X,1681167600,0.6227,,,0.5743,1d,6mo
NZDUSD=X,1681254000,0.6195,,,0.5743,1d,6mo
NZDUSD=X,1681340400,0.6218,,,0.5743,1d,6mo
NZDUSD=X,1681426800,0.6304,,,0.5743,1d,6mo
NZDUSD=X,1681686000,0.6202,,,0.5743,1d,6mo
NZDUSD=X,1681772400,0.6183,,,0.5743,1d,6mo
NZDUSD=X,1681858800,0.6215,,,0.5743,1d,6mo
NZDUSD=X,1681945200,0.6162,,,0.5743,1d,6mo
NZDUSD=X,1682031600,0.6179,,,0.5743,1d,6mo
NZDUSD=X,1682290800,0.6143,,,0.5743,1d,6mo
NZDUSD=X,1682377200,0.6176,,,0.5743,1d,6mo
NZDUSD=X,1682506122,0.6135,,,0.5743,1d,6mo
EURJPY=X,1666738800,147.431,,,147.431,1d,6mo
EURJPY=X,1666825200,147.464,,,147.431,1d,6mo
EURJPY=X,1666911600,145.793,,,147.431,1d,6mo
EURJPY=X,1667174400,147.138,,,147.431,1d,6mo
EURJPY=X,1667260800,147.03,,,147.431,1d,6mo
EURJPY=X,1667347200,146.124,,,147.431,1d,6mo
EURJPY=X,1667433600,145.126,,,147.431,1d,6mo
EURJPY=X,1667520000,144.662,,,147.431,1d,6mo
EURJPY=X,1667779200,145.785,,,147.431,1d,6mo
EURJPY=X,1667865600,146.886,,,147.431,1d,6mo
EURJPY=X,1667952000,146.456,,,147.431,1d,6mo
EURJPY=X,1668038400,146.469,,,147.431,1d,6mo
EURJPY=X,1668124800,144.442,,,147.431,1d,6mo
EURJPY=X,1668384000,144.128,,,147.431,1d,6mo
EURJPY=X,1668470400,144.581,,,147.431,1d,6mo
EURJPY=X,1668556800,143.929,,,147.431,1d,6mo
EURJPY=X,1668643200,144.8,,,147.431,1d,6mo
EURJPY=X,1668729600,145.481,,,147.431,1d,6mo
EURJPY=X,1668988800,144.8887,,,147.431,1d,6mo
EURJPY=X,1669075200,145.575,,,147.431,1d,6mo
EURJPY=X,1669161600,145.544,,,147.431,1d,6mo
EURJPY=X,1669248000,145.066,,,147.431,1d,6mo
EURJPY=X,1669334400,144.249,,,147.431,1d,6mo
EURJPY=X,1669593600,144.59,,,147.431,1d,6mo
EURJPY=X,1669680000,143.478,,,147.431,1d,6mo
EURJPY=X,1669766400,143.236,,,147.431,1d,6mo
EURJPY=X,1669852800,143.163,,,147.431,1d,6mo
EURJPY=X,1669939200,142.284,,,147.431,1d,6mo
EURJPY=X,1670198400,141.782,,,147.431,1d,6mo
EURJPY=X,1670284800,143.433,,,147.431,1d,6mo
EURJPY=X,1670371200,143.284,,,147.431,1d,6mo
EURJPY=X,1670457600,143.373,,,147.431,1d,6mo
EURJPY=X,1670544000,144.223,,,147.431,1d,6mo
EURJPY=X,1670803200,143.839,,,147.431,1d,6mo
EURJPY=X,1670889600,144.944,,,147.431,1d,6mo
EURJPY=X,1670976000,144.068,,,147.431,1d,6mo
EURJPY=X,1671062400,144.499,,,147.431,1d,6mo
EURJPY=X,1671148800,146.5514,,,147.431,1d,6mo
EURJPY=X,1671408000,144.544,,,147.431,1d,6mo
EURJPY=X,1671494400,145.363,,,147.431,1d,6mo
EURJPY=X,1671580800,140.128,,,147.431,1d,6mo
EURJPY=X,1671667200,140.39,,,147.431,1d,6mo
EURJPY=X,1671753600,140.284,,,147.431,1d,6mo
EURJPY=X,1672012800,140.94,,,147.431,1d,6mo
EURJPY=X,1672099200,141.25,,,147.431,1d,6mo
EURJPY=X,1672185600,141.976,,,147.431,1d,6mo
EURJPY=X,1672272000,142.456,,,147.431,1d,6mo
EURJPY=X,1672358400,141.694,,,147.431,1d,6mo
EURJPY=X,1672617600,140.31,,,147.431,1d,6mo
EURJPY=X,1672704000,139.649,,,147.431,1d,6mo
EURJPY=X,1672790400,138.409,,,147.431,1d,6mo
EURJPY=X,1672876800,140.254,,,147.431,1d,6mo
EURJPY=X,1672963200,140.26,,,147.431,1d,6mo
EURJPY=X,1673222400,140.507,,,147.431,1d,6mo
EURJPY=X,1673308800,141.373,,,147.431,1d,6mo
EURJPY=X,1673395200,141.852,,,147.431,1d,6mo
EURJPY=X,1673481600,141.992,,,147.431,1d,6mo
EURJPY=X,1673568000,140.275,,,147.431,1d,6mo
EURJPY=X,1673827200,138.578,,,147.431,1d,6mo
EURJPY=X,1673913600,138.96,,,147.431,1d,6mo
EURJPY=X,1674000000,138.401,,,147.431,1d,6mo
EURJPY=X,1674086400,138.793,,,147.431,1d,6mo
EURJPY=X,1674172800,139.068,,,147.431,1d,6mo
EURJPY=X,1674432000,140.65,,,147.431,1d,6mo
EURJPY=X,1674518400,141.972,,,147.431,1d,6mo
EURJPY=X,1674604800,141.792,,,147.431,1d,6mo
EURJPY=X,1674691200,141.14,,,147.431,1d,6mo
EURJPY=X,1674777600,141.393,,,147.431,1d,6mo
EURJPY=X,1675036800,141.162,,,147.431,1d,6mo
EURJPY=X,1675123200,141.569,,,147.431,1d,6mo
EURJPY=X,1675209600,141.3,,,147.431,1d,6mo
EURJPY=X,1675296000,141.637,,,147.431,1d,6mo
EURJPY=X,1675382400,140.38,,,147.431,1d,6mo
EURJPY=X,1675641600,142.437,,,147.431,1d,6mo
EURJPY=X,1675728000,142.28,,,147.431,1d,6mo
EURJPY=X,1675814400,140.598,,,147.431,1d,6mo
EURJPY=X,1675900800,140.787,,,147.431,1d,6mo
EURJPY=X,1675987200,141.24,,,147.431,1d,6mo
EURJPY=X,1676246400,140.459,,,147.431,1d,6mo
EURJPY=X,1676332800,141.994,,,147.431,1d,6mo
EURJPY=X,1676419200,142.769,,,147.431,1d,6mo
EURJPY=X,1676505600,143.152,,,147.431,1d,6mo
EURJPY=X,1676592000,142.991,,,147.431,1d,6mo
EURJPY=X,1676851200,143.504,,,147.431,1d,6mo
EURJPY=X,1676937600,143.5,,,147.431,1d,6mo
EURJPY=X,1677024000,143.795,,,147.431,1d,6mo
EURJPY=X,1677110400,143.099,,,147.431,1d,6mo
EURJPY=X,1677196800,142.664,,,147.431,1d,6mo
EURJPY=X,1677456000,143.95,,,147.431,1d,6mo
EURJPY=X,1677542400,144.609,,,147.431,1d,6mo
EURJPY=X,1677628800,144.205,,,147.431,1d,6mo
EURJPY=X,1677715200,145.293,,,147.431,1d,6mo
EURJPY=X,1677801600,144.896,,,147.431,1d,6mo
EURJPY=X,1678060800,144.524,,,147.431,1d,6mo
EURJPY=X,1678147200,145.311,,,147.431,1d,6mo
EURJPY=X,1678233600,144.918,,,147.431,1d,6mo
EURJPY=X,1678320000,144.759,,,147.431,1d,6mo
EURJPY=X,1678406400,144.355,,,147.431,1d,6mo
EURJPY=X,1678665600,143.66,,,147.431,1d,6mo
EURJPY=X,1678752000,142.743,,,147.431,1d,6mo
EURJPY=X,1678838400,144.169,,,147.431,1d,6mo
EURJPY=X,1678924800,140.675,,,147.431,1d,6mo
EURJPY=X,1679011200,141.552,,,147.431,1d,6mo
EURJPY=X,1679270400,141.253,,,147.431,1d,6mo
EURJPY=X,1679356800,140.839,,,147.431,1d,6mo
EURJPY=X,1679443200,142.585,,,147.431,1d,6mo
EURJPY=X,1679529600,142.587,,,147.431,1d,6mo
EURJPY=X,1679616000,141.784,,,147.431,1d,6mo
EURJPY=X,1679871600,141.021,,,147.431,1d,6mo
EURJPY=X,1679958000,141.818,,,147.431,1d,6mo
EURJPY=X,1680044400,142.038,,,147.431,1d,6mo
EURJPY=X,1680130800,143.755,,,147.431,1d,6mo
EURJPY=X,1680217200,145.241,,,147.431,1d,6mo
EURJPY=X,1680476400,144.046,,,147.431,1d,6mo
EURJPY=X,1680562800,144.318,,,147.431,1d,6mo
EURJPY=X,1680649200,144.01,,,147.431,1d,6mo
EURJPY=X,1680735600,142.722,,,147.431,1d,6mo
EURJPY=X,1680822000,143.757,,,147.431,1d,6mo
EURJPY=X,1681081200,144.153,,,147.431,1d,6mo
EURJPY=X,1681167600,145.062,,,147.431,1d,6mo
EURJPY=X,1681254000,145.843,,,147.431,1d,6mo
EURJPY=X,1681340400,146.351,,,147.431,1d,6mo
EURJPY=X,1681426800,146.419,,,147.431,1d,6mo
EURJPY=X,1681686000,147.13,,,147.431,1d,6mo
EURJPY=X,1681772400,146.873,,,147.431,1d,6mo
EURJPY=X,1681858800,147.108,,,147.431,1d,6mo
EURJPY=X,1681945200,147.515,,,147.431,1d,6mo
EURJPY=X,1682031600,146.961,,,147.431,1d,6mo
EURJPY=X,1682290800,147.242,,,147.431,1d,6mo
EURJPY=X,1682377200,148.24,,,147.431,1d,6mo
EURJPY=X,1682506144,147.598,,,147.431,1d,6mo
GBPAUD=X,1666738800,1.7948,,,1.7948,1d,6mo
GBPAUD=X,1666825200,1.7921,,,1.7948,1d,6mo
GBPAUD=X,1666911600,1.7927,,,1.7948,1d,6mo
GBPAUD=X,1667174400,1.8113,,,1.7948,1d,6mo
GBPAUD=X,1667260800,1.789,,,1.7948,1d,6mo
GBPAUD=X,1667347200,1.796,,,1.7948,1d,6mo
GBPAUD=X,1667433600,1.7955,,,1.7948,1d,6mo
GBPAUD=X,1667520000,1.7762,,,1.7948,1d,6mo
GBPAUD=X,1667779200,1.7596,,,1.7948,1d,6mo
GBPAUD=X,1667865600,1.7787,,,1.7948,1d,6mo
GBPAUD=X,1667952000,1.7744,,,1.7948,1d,6mo
GBPAUD=X,1668038400,1.7672,,,1.7948,1d,6mo
GBPAUD=X,1668124800,1.77,,,1.7948,1d,6mo
GBPAUD=X,1668384000,1.7612,,,1.7948,1d,6mo
GBPAUD=X,1668470400,1.7557,,,1.7948,1d,6mo
GBPAUD=X,1668556800,1.7546,,,1.7948,1d,6mo
GBPAUD=X,1668643200,1.7678,,,1.7948,1d,6mo
GBPAUD=X,1668729600,1.7725,,,1.7948,1d,6mo
GBPAUD=X,1668988800,1.7785,,,1.7948,1d,6mo
GBPAUD=X,1669075200,1.7895,,,1.7948,1d,6mo
GBPAUD=X,1669161600,1.7886,,,1.7948,1d,6mo
GBPAUD=X,1669248000,1.79,,,1.7948,1d,6mo
GBPAUD=X,1669334400,1.7899,,,1.7948,1d,6mo
GBPAUD=X,1669593600,1.7958,,,1.7948,1d,6mo
GBPAUD=X,1669680000,1.7975,,,1.7948,1d,6mo
GBPAUD=X,1669766400,1.7869,,,1.7948,1d,6mo
GBPAUD=X,1669852800,1.7757,,,1.7948,1d,6mo
GBPAUD=X,1669939200,1.7997,,,1.7948,1d,6mo
GBPAUD=X,1670198400,1.8047,,,1.7948,1d,6mo
GBPAUD=X,1670284800,1.8182,,,1.7948,1d,6mo
GBPAUD=X,1670371200,1.8111,,,1.7948,1d,6mo
GBPAUD=X,1670457600,1.8152,,,1.7948,1d,6mo
GBPAUD=X,1670544000,1.8053,,,1.7948,1d,6mo
GBPAUD=X,1670803200,1.8046,,,1.7948,1d,6mo
GBPAUD=X,1670889600,1.8167,,,1.7948,1d,6mo
GBPAUD=X,1670976000,1.8056,,,1.7948,1d,6mo
GBPAUD=X,1671062400,1.8106,,,1.7948,1d,6mo
GBPAUD=X,1671148800,1.8176,,,1.7948,1d,6mo
GBPAUD=X,1671408000,1.8181,,,1.7948,1d,6mo
GBPAUD=X,1671494400,1.8122,,,1.7948,1d,6mo
GBPAUD=X,1671580800,1.8223,,,1.7948,1d,6mo
GBPAUD=X,1671667200,1.7983,,,1.7948,1d,6mo
GBPAUD=X,1671753600,1.8023,,,1.7948,1d,6mo
GBPAUD=X,1672012800,1.7971,,,1.7948,1d,6mo
GBPAUD=X,1672099200,1.7914,,,1.7948,1d,6mo
GBPAUD=X,1672185600,1.7872,,,1.7948,1d,6mo
GBPAUD=X,1672272000,1.7823,,,1.7948,1d,6mo
GBPAUD=X,1672358400,1.7813,,,1.7948,1d,6mo
GBPAUD=X,1672617600,1.7729,,,1.7948,1d,6mo
GBPAUD=X,1672704000,1.7723,,,1.7948,1d,6mo
GBPAUD=X,1672790400,1.7793,,,1.7948,1d,6mo
GBPAUD=X,1672876800,1.7651,,,1.7948,1d,6mo
GBPAUD=X,1672963200,1.7629,,,1.7948,1d,6mo
GBPAUD=X,1673222400,1.7573,,,1.7948,1d,6mo
GBPAUD=X,1673308800,1.763,,,1.7948,1d,6mo
GBPAUD=X,1673395200,1.7629,,,1.7948,1d,6mo
GBPAUD=X,1673481600,1.7595,,,1.7948,1d,6mo
GBPAUD=X,1673568000,1.7533,,,1.7948,1d,6mo
GBPAUD=X,1673827200,1.753,,,1.7948,1d,6mo
GBPAUD=X,1673913600,1.7521,,,1.7948,1d,6mo
GBPAUD=X,1674000000,1.7575,,,1.7948,1d,6mo
GBPAUD=X,1674086400,1.7779,,,1.7948,1d,6mo
GBPAUD=X,1674172800,1.7925,,,1.7948,1d,6mo
GBPAUD=X,1674432000,1.7765,,,1.7948,1d,6mo
GBPAUD=X,1674518400,1.7608,,,1.7948,1d,6mo
GBPAUD=X,1674604800,1.7492,,,1.7948,1d,6mo
GBPAUD=X,1674691200,1.746,,,1.7948,1d,6mo
GBPAUD=X,1674777600,1.7448,,,1.7948,1d,6mo
GBPAUD=X,1675036800,1.7443,,,1.7948,1d,6mo
GBPAUD=X,1675123200,1.7495,,,1.7948,1d,6mo
GBPAUD=X,1675209600,1.7452,,,1.7948,1d,6mo
GBPAUD=X,1675296000,1.7333,,,1.7948,1d,6mo
GBPAUD=X,1675382400,1.7272,,,1.7948,1d,6mo
GBPAUD=X,1675641600,1.7402,,,1.7948,1d,6mo
GBPAUD=X,1675728000,1.7456,,,1.7948,1d,6mo
GBPAUD=X,1675814400,1.7304,,,1.7948,1d,6mo
GBPAUD=X,1675900800,1.7421,,,1.7948,1d,6mo
GBPAUD=X,1675987200,1.7458,,,1.7948,1d,6mo
GBPAUD=X,1676246400,1.7432,,,1.7948,1d,6mo
GBPAUD=X,1676332800,1.7437,,,1.7948,1d,6mo
GBPAUD=X,1676419200,1.7421,,,1.7948,1d,6mo
GBPAUD=X,1676505600,1.7425,,,1.7948,1d,6mo
GBPAUD=X,1676592000,1.7448,,,1.7948,1d,6mo
GBPAUD=X,1676851200,1.7511,,,1.7948,1d,6mo
GBPAUD=X,1676937600,1.7422,,,1.7948,1d,6mo
GBPAUD=X,1677024000,1.7645,,,1.7948,1d,6mo
GBPAUD=X,1677110400,1.7684,,,1.7948,1d,6mo
GBPAUD=X,1677196800,1.7647,,,1.7948,1d,6mo
GBPAUD=X,1677456000,1.7743,,,1.7948,1d,6mo
GBPAUD=X,1677542400,1.7889,,,1.7948,1d,6mo
GBPAUD=X,1677628800,1.7876,,,1.7948,1d,6mo
GBPAUD=X,1677715200,1.779,,,1.7948,1d,6mo
GBPAUD=X,1677801600,1.7748,,,1.7948,1d,6mo
GBPAUD=X,1678060800,1.7806,,,1.7948,1d,6mo
GBPAUD=X,1678147200,1.7859,,,1.7948,1d,6mo
GBPAUD=X,1678233600,1.7947,,,1.7948,1d,6mo
GBPAUD=X,1678320000,1.7968,,,1.7948,1d,6mo
GBPAUD=X,1678406400,1.8092,,,1.7948,1d,6mo
GBPAUD=X,1678665600,1.8203,,,1.7948,1d,6mo
GBPAUD=X,1678752000,1.8271,,,1.7948,1d,6mo
GBPAUD=X,1678838400,1.8164,,,1.7948,1d,6mo
GBPAUD=X,1678924800,1.8231,,,1.7948,1d,6mo
GBPAUD=X,1679011200,1.8172,,,1.7948,1d,6mo
GBPAUD=X,1679270400,1.8151,,,1.7948,1d,6mo
GBPAUD=X,1679356800,1.8272,,,1.7948,1d,6mo
GBPAUD=X,1679443200,1.8302,,,1.7948,1d,6mo
GBPAUD=X,1679529600,1.8328,,,1.7948,1d,6mo
GBPAUD=X,1679616000,1.8376,,,1.7948,1d,6mo
GBPAUD=X,1679871600,1.8399,,,1.7948,1d,6mo
GBPAUD=X,1679958000,1.8462,,,1.7948,1d,6mo
GBPAUD=X,1680044400,1.8384,,,1.7948,1d,6mo
GBPAUD=X,1680130800,1.8419,,,1.7948,1d,6mo
GBPAUD=X,1680217200,1.8442,,,1.7948,1d,6mo
GBPAUD=X,1680476400,1.845,,,1.7948,1d,6mo
GBPAUD=X,1680562800,1.8298,,,1.7948,1d,6mo
GBPAUD=X,1680649200,1.8491,,,1.7948,1d,6mo
GBPAUD=X,1680735600,1.8554,,,1.7948,1d,6mo
GBPAUD=X,1680822000,1.8634,,,1.7948,1d,6mo
GBPAUD=X,1681081200,1.8627,,,1.7948,1d,6mo
GBPAUD=X,1681167600,1.8637,,,1.7948,1d,6mo
GBPAUD=X,1681254000,1.8681,,,1.7948,1d,6mo
GBPAUD=X,1681340400,1.8652,,,1.7948,1d,6mo
GBPAUD=X,1681426800,1.8461,,,1.7948,1d,6mo
GBPAUD=X,1681686000,1.8492,,,1.7948,1d,6mo
GBPAUD=X,1681772400,1.8468,,,1.7948,1d,6mo
GBPAUD=X,1681858800,1.8445,,,1.7948,1d,6mo
GBPAUD=X,1681945200,1.853,,,1.7948,1d,6mo
GBPAUD=X,1682031600,1.8448,,,1.7948,1d,6mo
GBPAUD=X,1682290800,1.8596,,,1.7948,1d,6mo
GBPAUD=X,1682377200,1.8645,,,1.7948,1d,6mo
GBPAUD=X,1682506145,1.8896,,,1.7948,1d,6mo
EURGBP=X,1666738800,0.8692,,,0.8692,1d,6mo
EURGBP=X,1666825200,0.8671,,,0.8692,1d,6mo
EURGBP=X,1666911600,0.8618,,,0.8692,1d,6mo
EURGBP=X,1667174400,0.8584,,,0.8692,1d,6mo
EURGBP=X,1667260800,0.8621,,,0.8692,1d,6mo
EURGBP=X,1667347200,0.8597,,,0.8692,1d,6mo
EURGBP=X,1667433600,0.8618,,,0.8692,1d,6mo
EURGBP=X,1667520000,0.8727,,,0.8692,1d,6mo
EURGBP=X,1667779200,0.8761,,,0.8692,1d,6mo
EURGBP=X,1667865600,0.8698,,,0.8692,1d,6mo
EURGBP=X,1667952000,0.8725,,,0.8692,1d,6mo
EURGBP=X,1668038400,0.8813,,,0.8692,1d,6mo
EURGBP=X,1668124800,0.8713,,,0.8692,1d,6mo
EURGBP=X,1668384000,0.8753,,,0.8692,1d,6mo
EURGBP=X,1668470400,0.878,,,0.8692,1d,6mo
EURGBP=X,1668556800,0.8718,,,0.8692,1d,6mo
EURGBP=X,1668643200,0.8722,,,0.8692,1d,6mo
EURGBP=X,1668729600,0.8733,,,0.8692,1d,6mo
EURGBP=X,1668988800,0.8691,,,0.8692,1d,6mo
EURGBP=X,1669075200,0.8662,,,0.8692,1d,6mo
EURGBP=X,1669161600,0.8668,,,0.8692,1d,6mo
EURGBP=X,1669248000,0.8626,,,0.8692,1d,6mo
EURGBP=X,1669334400,0.8592,,,0.8692,1d,6mo
EURGBP=X,1669593600,0.86,,,0.8692,1d,6mo
EURGBP=X,1669680000,0.8648,,,0.8692,1d,6mo
EURGBP=X,1669766400,0.8641,,,0.8692,1d,6mo
EURGBP=X,1669852800,0.863,,,0.8692,1d,6mo
EURGBP=X,1669939200,0.8587,,,0.8692,1d,6mo
EURGBP=X,1670198400,0.8574,,,0.8692,1d,6mo
EURGBP=X,1670284800,0.8609,,,0.8692,1d,6mo
EURGBP=X,1670371200,0.8626,,,0.8692,1d,6mo
EURGBP=X,1670457600,0.8607,,,0.8692,1d,6mo
EURGBP=X,1670544000,0.8628,,,0.8692,1d,6mo
EURGBP=X,1670803200,0.859,,,0.8692,1d,6mo
EURGBP=X,1670889600,0.859,,,0.8692,1d,6mo
EURGBP=X,1670976000,0.86,,,0.8692,1d,6mo
EURGBP=X,1671062400,0.8595,,,0.8692,1d,6mo
EURGBP=X,1671148800,0.8725,,,0.8692,1d,6mo
EURGBP=X,1671408000,0.8704,,,0.8692,1d,6mo
EURGBP=X,1671494400,0.8729,,,0.8692,1d,6mo
EURGBP=X,1671580800,0.8715,,,0.8692,1d,6mo
EURGBP=X,1671667200,0.8783,,,0.8692,1d,6mo
EURGBP=X,1671753600,0.8803,,,0.8692,1d,6mo
EURGBP=X,1672012800,0.8791,,,0.8692,1d,6mo
EURGBP=X,1672099200,0.8802,,,0.8692,1d,6mo
EURGBP=X,1672185600,0.8844,,,0.8692,1d,6mo
EURGBP=X,1672272000,0.8836,,,0.8692,1d,6mo
EURGBP=X,1672358400,0.8841,,,0.8692,1d,6mo
EURGBP=X,1672617600,0.8841,,,0.8692,1d,6mo
EURGBP=X,1672704000,0.8851,,,0.8692,1d,6mo
EURGBP=X,1672790400,0.8809,,,0.8692,1d,6mo
EURGBP=X,1672876800,0.8795,,,0.8692,1d,6mo
EURGBP=X,1672963200,0.8832,,,0.8692,1d,6mo
EURGBP=X,1673222400,0.8794,,,0.8692,1d,6mo
EURGBP=X,1673308800,0.8806,,,0.8692,1d,6mo
EURGBP=X,1673395200,0.8835,,,0.8692,1d,6mo
EURGBP=X,1673481600,0.8853,,,0.8692,1d,6mo
EURGBP=X,1673568000,0.8888,,,0.8692,1d,6mo
EURGBP=X,1673827200,0.8853,,,0.8692,1d,6mo
EURGBP=X,1673913600,0.8871,,,0.8692,1d,6mo
EURGBP=X,1674000000,0.8782,,,0.8692,1d,6mo
EURGBP=X,1674086400,0.8744,,,0.8692,1d,6mo
EURGBP=X,1674172800,0.8741,,,0.8692,1d,6mo
EURGBP=X,1674432000,0.8757,,,0.8692,1d,6mo
EURGBP=X,1674518400,0.8781,,,0.8692,1d,6mo
EURGBP=X,1674604800,0.8829,,,0.8692,1d,6mo
EURGBP=X,1674691200,0.8799,,,0.8692,1d,6mo
EURGBP=X,1674777600,0.8774,,,0.8692,1d,6mo
EURGBP=X,1675036800,0.8767,,,0.8692,1d,6mo
EURGBP=X,1675123200,0.8785,,,0.8692,1d,6mo
EURGBP=X,1675209600,0.8823,,,0.8692,1d,6mo
EURGBP=X,1675296000,0.889,,,0.8692,1d,6mo
EURGBP=X,1675382400,0.8921,,,0.8692,1d,6mo
EURGBP=X,1675641600,0.8958,,,0.8692,1d,6mo
EURGBP=X,1675728000,0.892,,,0.8692,1d,6mo
EURGBP=X,1675814400,0.89,,,0.8692,1d,6mo
EURGBP=X,1675900800,0.8876,,,0.8692,1d,6mo
EURGBP=X,1675987200,0.8866,,,0.8692,1d,6mo
EURGBP=X,1676246400,0.8859,,,0.8692,1d,6mo
EURGBP=X,1676332800,0.8829,,,0.8692,1d,6mo
EURGBP=X,1676419200,0.8818,,,0.8692,1d,6mo
EURGBP=X,1676505600,0.8881,,,0.8692,1d,6mo
EURGBP=X,1676592000,0.8906,,,0.8692,1d,6mo
EURGBP=X,1676851200,0.8881,,,0.8692,1d,6mo
EURGBP=X,1676937600,0.8872,,,0.8692,1d,6mo
EURGBP=X,1677024000,0.8796,,,0.8692,1d,6mo
EURGBP=X,1677110400,0.8803,,,0.8692,1d,6mo
EURGBP=X,1677196800,0.8818,,,0.8692,1d,6mo
EURGBP=X,1677456000,0.883,,,0.8692,1d,6mo
EURGBP=X,1677542400,0.8795,,,0.8692,1d,6mo
EURGBP=X,1677628800,0.8788,,,0.8692,1d,6mo
EURGBP=X,1677715200,0.887,,,0.8692,1d,6mo
EURGBP=X,1677801600,0.8868,,,0.8692,1d,6mo
EURGBP=X,1678060800,0.8834,,,0.8692,1d,6mo
EURGBP=X,1678147200,0.8883,,,0.8692,1d,6mo
EURGBP=X,1678233600,0.8917,,,0.8692,1d,6mo
EURGBP=X,1678320000,0.8902,,,0.8692,1d,6mo
EURGBP=X,1678406400,0.8877,,,0.8692,1d,6mo
EURGBP=X,1678665600,0.8844,,,0.8692,1d,6mo
EURGBP=X,1678752000,0.8811,,,0.8692,1d,6mo
EURGBP=X,1678838400,0.8827,,,0.8692,1d,6mo
EURGBP=X,1678924800,0.8766,,,0.8692,1d,6mo
EURGBP=X,1679011200,0.8763,,,0.8692,1d,6mo
EURGBP=X,1679270400,0.8761,,,0.8692,1d,6mo
EURGBP=X,1679356800,0.8732,,,0.8692,1d,6mo
EURGBP=X,1679443200,0.881,,,0.8692,1d,6mo
EURGBP=X,1679529600,0.8851,,,0.8692,1d,6mo
EURGBP=X,1679616000,0.8819,,,0.8692,1d,6mo
EURGBP=X,1679871600,0.8795,,,0.8692,1d,6mo
EURGBP=X,1679958000,0.8787,,,0.8692,1d,6mo
EURGBP=X,1680044400,0.879,,,0.8692,1d,6mo
EURGBP=X,1680130800,0.8806,,,0.8692,1d,6mo
EURGBP=X,1680217200,0.8802,,,0.8692,1d,6mo
EURGBP=X,1680476400,0.8792,,,0.8692,1d,6mo
EURGBP=X,1680562800,0.8781,,,0.8692,1d,6mo
EURGBP=X,1680649200,0.8766,,,0.8692,1d,6mo
EURGBP=X,1680735600,0.8748,,,0.8692,1d,6mo
EURGBP=X,1680822000,0.8779,,,0.8692,1d,6mo
EURGBP=X,1681081200,0.8778,,,0.8692,1d,6mo
EURGBP=X,1681167600,0.877,,,0.8692,1d,6mo
EURGBP=X,1681254000,0.8781,,,0.8692,1d,6mo
EURGBP=X,1681340400,0.8802,,,0.8692,1d,6mo
EURGBP=X,1681426800,0.8822,,,0.8692,1d,6mo
EURGBP=X,1681686000,0.8857,,,0.8692,1d,6mo
EURGBP=X,1681772400,0.8827,,,0.8692,1d,6mo
EURGBP=X,1681858800,0.8832,,,0.8692,1d,6mo
EURGBP=X,1681945200,0.8811,,,0.8692,1d,6mo
EURGBP=X,1682031600,0.8814,,,0.8692,1d,6mo
EURGBP=X,1682290800,0.883,,,0.8692,1d,6mo
EURGBP=X,1682377200,0.8846,,,0.8692,1d,6mo
EURGBP=X,1682506145,0.8858,,,0.8692,1d,6mo
GBPUSD=X,1666738800,1.1462,,,1.1462,1d,6mo
GBPUSD=X,1666825200,1.1638,,,1.1462,1d,6mo
GBPUSD=X,1666911600,1.1566,,,1.1462,1d,6mo
GBPUSD=X,1667174400,1.1596,,,1.1462,1d,6mo
GBPUSD=X,1667260800,1.1468,,,1.1462,1d,6mo
GBPUSD=X,1667347200,1.1489,,,1.1462,1d,6mo
GBPUSD=X,1667433600,1.1384,,,1.1462,1d,6mo
GBPUSD=X,1667520000,1.1171,,,1.1462,1d,6mo
GBPUSD=X,1667779200,1.1332,,,1.1462,1d,6mo
GBPUSD=X,1667865600,1.1518,,,1.1462,1d,6mo
GBPUSD=X,1667952000,1.1553,,,1.1462,1d,6mo
GBPUSD=X,1668038400,1.1368,,,1.1462,1d,6mo
GBPUSD=X,1668124800,1.1696,,,1.1462,1d,6mo
GBPUSD=X,1668384000,1.1799,,,1.1462,1d,6mo
GBPUSD=X,1668470400,1.1752,,,1.1462,1d,6mo
GBPUSD=X,1668556800,1.188,,,1.1462,1d,6mo
GBPUSD=X,1668643200,1.1915,,,1.1462,1d,6mo
GBPUSD=X,1668729600,1.186,,,1.1462,1d,6mo
GBPUSD=X,1668988800,1.1886,,,1.1462,1d,6mo
GBPUSD=X,1669075200,1.1828,,,1.1462,1d,6mo
GBPUSD=X,1669161600,1.1895,,,1.1462,1d,6mo
GBPUSD=X,1669248000,1.2074,,,1.1462,1d,6mo
GBPUSD=X,1669334400,1.2113,,,1.1462,1d,6mo
GBPUSD=X,1669593600,1.2055,,,1.1462,1d,6mo
GBPUSD=X,1669680000,1.196,,,1.1462,1d,6mo
GBPUSD=X,1669766400,1.1947,,,1.1462,1d,6mo
GBPUSD=X,1669852800,1.2077,,,1.1462,1d,6mo
GBPUSD=X,1669939200,1.2259,,,1.1462,1d,6mo
GBPUSD=X,1670198400,1.2297,,,1.1462,1d,6mo
GBPUSD=X,1670284800,1.2192,,,1.1462,1d,6mo
GBPUSD=X,1670371200,1.2133,,,1.1462,1d,6mo
GBPUSD=X,1670457600,1.2212,,,1.1462,1d,6mo
GBPUSD=X,1670544000,1.2236,,,1.1462,1d,6mo
GBPUSD=X,1670803200,1.2239,,,1.1462,1d,6mo
GBPUSD=X,1670889600,1.2271,,,1.1462,1d,6mo
GBPUSD=X,1670976000,1.2357,,,1.1462,1d,6mo
GBPUSD=X,1671062400,1.2419,,,1.1462,1d,6mo
GBPUSD=X,1671148800,1.2189,,,1.1462,1d,6mo
GBPUSD=X,1671408000,1.216,,,1.1462,1d,6mo
GBPUSD=X,1671494400,1.2153,,,1.1462,1d,6mo
GBPUSD=X,1671580800,1.2189,,,1.1462,1d,6mo
GBPUSD=X,1671667200,1.2077,,,1.1462,1d,6mo
GBPUSD=X,1671753600,1.204,,,1.1462,1d,6mo
GBPUSD=X,1672012800,1.206,,,1.1462,1d,6mo
GBPUSD=X,1672099200,1.2084,,,1.1462,1d,6mo
GBPUSD=X,1672185600,1.2027,,,1.1462,1d,6mo
GBPUSD=X,1672272000,1.2028,,,1.1462,1d,6mo
GBPUSD=X,1672358400,1.2056,,,1.1462,1d,6mo
GBPUSD=X,1672617600,1.212,,,1.1462,1d,6mo
GBPUSD=X,1672704000,1.2063,,,1.1462,1d,6mo
GBPUSD=X,1672790400,1.197,,,1.1462,1d,6mo
GBPUSD=X,1672876800,1.2057,,,1.1462,1d,6mo
GBPUSD=X,1672963200,1.1912,,,1.1462,1d,6mo
GBPUSD=X,1673222400,1.2116,,,1.1462,1d,6mo
GBPUSD=X,1673308800,1.2185,,,1.1462,1d,6mo
GBPUSD=X,1673395200,1.2155,,,1.1462,1d,6mo
GBPUSD=X,1673481600,1.216,,,1.1462,1d,6mo
GBPUSD=X,1673568000,1.2218,,,1.1462,1d,6mo
GBPUSD=X,1673827200,1.2227,,,1.1462,1d,6mo
GBPUSD=X,1673913600,1.2208,,,1.1462,1d,6mo
GBPUSD=X,1674000000,1.2285,,,1.1462,1d,6mo
GBPUSD=X,1674086400,1.2348,,,1.1462,1d,6mo
GBPUSD=X,1674172800,1.2393,,,1.1462,1d,6mo
GBPUSD=X,1674432000,1.2406,,,1.1462,1d,6mo
GBPUSD=X,1674518400,1.238,,,1.1462,1d,6mo
GBPUSD=X,1674604800,1.2329,,,1.1462,1d,6mo
GBPUSD=X,1674691200,1.2412,,,1.1462,1d,6mo
GBPUSD=X,1674777600,1.2415,,,1.1462,1d,6mo
GBPUSD=X,1675036800,1.24,,,1.1462,1d,6mo
GBPUSD=X,1675123200,1.2354,,,1.1462,1d,6mo
GBPUSD=X,1675209600,1.2309,,,1.1462,1d,6mo
GBPUSD=X,1675296000,1.239,,,1.1462,1d,6mo
GBPUSD=X,1675382400,1.2223,,,1.1462,1d,6mo
GBPUSD=X,1675641600,1.2045,,,1.1462,1d,6mo
GBPUSD=X,1675728000,1.2027,,,1.1462,1d,6mo
GBPUSD=X,1675814400,1.2055,,,1.1462,1d,6mo
GBPUSD=X,1675900800,1.2071,,,1.1462,1d,6mo
GBPUSD=X,1675987200,1.2117,,,1.1462,1d,6mo
GBPUSD=X,1676246400,1.2052,,,1.1462,1d,6mo
GBPUSD=X,1676332800,1.2152,,,1.1462,1d,6mo
GBPUSD=X,1676419200,1.2174,,,1.1462,1d,6mo
GBPUSD=X,1676505600,1.204,,,1.1462,1d,6mo
GBPUSD=X,1676592000,1.1975,,,1.1462,1d,6mo
GBPUSD=X,1676851200,1.203,,,1.1462,1d,6mo
GBPUSD=X,1676937600,1.2039,,,1.1462,1d,6mo
GBPUSD=X,1677024000,1.2109,,,1.1462,1d,6mo
GBPUSD=X,1677110400,1.205,,,1.1462,1d,6mo
GBPUSD=X,1677196800,1.2018,,,1.1462,1d,6mo
GBPUSD=X,1677456000,1.1952,,,1.1462,1d,6mo
GBPUSD=X,1677542400,1.2062,,,1.1462,1d,6mo
GBPUSD=X,1677628800,1.2034,,,1.1462,1d,6mo
GBPUSD=X,1677715200,1.203,,,1.1462,1d,6mo
GBPUSD=X,1677801600,1.1952,,,1.1462,1d,6mo
GBPUSD=X,1678060800,1.2028,,,1.1462,1d,6mo
GBPUSD=X,1678147200,1.2026,,,1.1462,1d,6mo
GBPUSD=X,1678233600,1.1828,,,1.1462,1d,6mo
GBPUSD=X,1678320000,1.185,,,1.1462,1d,6mo
GBPUSD=X,1678406400,1.1923,,,1.1462,1d,6mo
GBPUSD=X,1678665600,1.2079,,,1.1462,1d,6mo
GBPUSD=X,1678752000,1.2171,,,1.1462,1d,6mo
GBPUSD=X,1678838400,1.2152,,,1.1462,1d,6mo
GBPUSD=X,1678924800,1.2069,,,1.1462,1d,6mo
GBPUSD=X,1679011200,1.211,,,1.1462,1d,6mo
GBPUSD=X,1679270400,1.2188,,,1.1462,1d,6mo
GBPUSD=X,1679356800,1.2276,,,1.1462,1d,6mo
GBPUSD=X,1679443200,1.2225,,,1.1462,1d,6mo
GBPUSD=X,1679529600,1.228,,,1.1462,1d,6mo
GBPUSD=X,1679616000,1.2282,,,1.1462,1d,6mo
GBPUSD=X,1679871600,1.2246,,,1.1462,1d,6mo
GBPUSD=X,1679958000,1.2298,,,1.1462,1d,6mo
GBPUSD=X,1680044400,1.233,,,1.1462,1d,6mo
GBPUSD=X,1680130800,1.2314,,,1.1462,1d,6mo
GBPUSD=X,1680217200,1.2387,,,1.1462,1d,6mo
GBPUSD=X,1680476400,1.2287,,,1.1462,1d,6mo
GBPUSD=X,1680562800,1.2423,,,1.1462,1d,6mo
GBPUSD=X,1680649200,1.2498,,,1.1462,1d,6mo
GBPUSD=X,1680735600,1.2463,,,1.1462,1d,6mo
GBPUSD=X,1680822000,1.2439,,,1.1462,1d,6mo
GBPUSD=X,1681081200,1.2432,,,1.1462,1d,6mo
GBPUSD=X,1681167600,1.2392,,,1.1462,1d,6mo
GBPUSD=X,1681254000,1.2431,,,1.1462,1d,6mo
GBPUSD=X,1681340400,1.2493,,,1.1462,1d,6mo
GBPUSD=X,1681426800,1.2525,,,1.1462,1d,6mo
GBPUSD=X,1681686000,1.24,,,1.1462,1d,6mo
GBPUSD=X,1681772400,1.2375,,,1.1462,1d,6mo
GBPUSD=X,1681858800,1.2425,,,1.1462,1d,6mo
GBPUSD=X,1681945200,1.2429,,,1.1462,1d,6mo
GBPUSD=X,1682031600,1.2441,,,1.1462,1d,6mo
GBPUSD=X,1682290800,1.245,,,1.1462,1d,6mo
GBPUSD=X,1682377200,1.25,,,1.1462,1d,6mo
GBPUSD=X,1682506122,1.2484,,,1.1462,1d,6mo
EURUSD=X,1666738800,0.9964,,,0.9964,1d,6mo
EURUSD=X,1666825200,1.0092,,,0.9964,1d,6mo
EURUSD=X,1666911600,0.9968,,,0.9964,1d,6mo
EURUSD=X,1667174400,0.9955,,,0.9964,1d,6mo
EURUSD=X,1667260800,0.9886,,,0.9964,1d,6mo
EURUSD=X,1667347200,0.9878,,,0.9964,1d,6mo
EURUSD=X,1667433600,0.9814,,,0.9964,1d,6mo
EURUSD=X,1667520000,0.975,,,0.9964,1d,6mo
EURUSD=X,1667779200,0.9929,,,0.9964,1d,6mo
EURUSD=X,1667865600,1.0019,,,0.9964,1d,6mo
EURUSD=X,1667952000,1.0081,,,0.9964,1d,6mo
EURUSD=X,1668038400,1.002,,,0.9964,1d,6mo
EURUSD=X,1668124800,1.0192,,,0.9964,1d,6mo
EURUSD=X,1668384000,1.0329,,,0.9964,1d,6mo
EURUSD=X,1668470400,1.0319,,,0.9964,1d,6mo
EURUSD=X,1668556800,1.0358,,,0.9964,1d,6mo
EURUSD=X,1668643200,1.0395,,,0.9964,1d,6mo
EURUSD=X,1668729600,1.0362,,,0.9964,1d,6mo
EURUSD=X,1668988800,1.0331,,,0.9964,1d,6mo
EURUSD=X,1669075200,1.0246,,,0.9964,1d,6mo
EURUSD=X,1669161600,1.0311,,,0.9964,1d,6mo
EURUSD=X,1669248000,1.0416,,,0.9964,1d,6mo
EURUSD=X,1669334400,1.0408,,,0.9964,1d,6mo
EURUSD=X,1669593600,1.0368,,,0.9964,1d,6mo
EURUSD=X,1669680000,1.0346,,,0.9964,1d,6mo
EURUSD=X,1669766400,1.0324,,,0.9964,1d,6mo
EURUSD=X,1669852800,1.0425,,,0.9964,1d,6mo
EURUSD=X,1669939200,1.0528,,,0.9964,1d,6mo
EURUSD=X,1670198400,1.0544,,,0.9964,1d,6mo
EURUSD=X,1670284800,1.0497,,,0.9964,1d,6mo
EURUSD=X,1670371200,1.0469,,,0.9964,1d,6mo
EURUSD=X,1670457600,1.0513,,,0.9964,1d,6mo
EURUSD=X,1670544000,1.056,,,0.9964,1d,6mo
EURUSD=X,1670803200,1.0522,,,0.9964,1d,6mo
EURUSD=X,1670889600,1.0542,,,0.9964,1d,6mo
EURUSD=X,1670976000,1.0627,,,0.9964,1d,6mo
EURUSD=X,1671062400,1.0676,,,0.9964,1d,6mo
EURUSD=X,1671148800,1.0641,,,0.9964,1d,6mo
EURUSD=X,1671408000,1.0585,,,0.9964,1d,6mo
EURUSD=X,1671494400,1.0615,,,0.9964,1d,6mo
EURUSD=X,1671580800,1.0627,,,0.9964,1d,6mo
EURUSD=X,1671667200,1.061,,,0.9964,1d,6mo
EURUSD=X,1671753600,1.0603,,,0.9964,1d,6mo
EURUSD=X,1672012800,1.0668,,,0.9964,1d,6mo
EURUSD=X,1672099200,1.064,,,0.9964,1d,6mo
EURUSD=X,1672185600,1.0637,,,0.9964,1d,6mo
EURUSD=X,1672272000,1.0629,,,0.9964,1d,6mo
EURUSD=X,1672358400,1.0661,,,0.9964,1d,6mo
EURUSD=X,1672617600,1.071,,,0.9964,1d,6mo
EURUSD=X,1672704000,1.0678,,,0.9964,1d,6mo
EURUSD=X,1672790400,1.0547,,,0.9964,1d,6mo
EURUSD=X,1672876800,1.0606,,,0.9964,1d,6mo
EURUSD=X,1672963200,1.0522,,,0.9964,1d,6mo
EURUSD=X,1673222400,1.0656,,,0.9964,1d,6mo
EURUSD=X,1673308800,1.0733,,,0.9964,1d,6mo
EURUSD=X,1673395200,1.0739,,,0.9964,1d,6mo
EURUSD=X,1673481600,1.0766,,,0.9964,1d,6mo
EURUSD=X,1673568000,1.086,,,0.9964,1d,6mo
EURUSD=X,1673827200,1.0825,,,0.9964,1d,6mo
EURUSD=X,1673913600,1.083,,,0.9964,1d,6mo
EURUSD=X,1674000000,1.0793,,,0.9964,1d,6mo
EURUSD=X,1674086400,1.0798,,,0.9964,1d,6mo
EURUSD=X,1674172800,1.0834,,,0.9964,1d,6mo
EURUSD=X,1674432000,1.0865,,,0.9964,1d,6mo
EURUSD=X,1674518400,1.0874,,,0.9964,1d,6mo
EURUSD=X,1674604800,1.0888,,,0.9964,1d,6mo
EURUSD=X,1674691200,1.0922,,,0.9964,1d,6mo
EURUSD=X,1674777600,1.0894,,,0.9964,1d,6mo
EURUSD=X,1675036800,1.0871,,,0.9964,1d,6mo
EURUSD=X,1675123200,1.0851,,,0.9964,1d,6mo
EURUSD=X,1675209600,1.0861,,,0.9964,1d,6mo
EURUSD=X,1675296000,1.1013,,,0.9964,1d,6mo
EURUSD=X,1675382400,1.0905,,,0.9964,1d,6mo
EURUSD=X,1675641600,1.0791,,,0.9964,1d,6mo
EURUSD=X,1675728000,1.0731,,,0.9964,1d,6mo
EURUSD=X,1675814400,1.073,,,0.9964,1d,6mo
EURUSD=X,1675900800,1.0716,,,0.9964,1d,6mo
EURUSD=X,1675987200,1.0742,,,0.9964,1d,6mo
EURUSD=X,1676246400,1.0678,,,0.9964,1d,6mo
EURUSD=X,1676332800,1.073,,,0.9964,1d,6mo
EURUSD=X,1676419200,1.0736,,,0.9964,1d,6mo
EURUSD=X,1676505600,1.0692,,,0.9964,1d,6mo
EURUSD=X,1676592000,1.0666,,,0.9964,1d,6mo
EURUSD=X,1676851200,1.0684,,,0.9964,1d,6mo
EURUSD=X,1676937600,1.0683,,,0.9964,1d,6mo
EURUSD=X,1677024000,1.0652,,,0.9964,1d,6mo
EURUSD=X,1677110400,1.0606,,,0.9964,1d,6mo
EURUSD=X,1677196800,1.0598,,,0.9964,1d,6mo
EURUSD=X,1677456000,1.0555,,,0.9964,1d,6mo
EURUSD=X,1677542400,1.0611,,,0.9964,1d,6mo
EURUSD=X,1677628800,1.0577,,,0.9964,1d,6mo
EURUSD=X,1677715200,1.0669,,,0.9964,1d,6mo
EURUSD=X,1677801600,1.06,,,0.9964,1d,6mo
EURUSD=X,1678060800,1.0626,,,0.9964,1d,6mo
EURUSD=X,1678147200,1.0688,,,0.9964,1d,6mo
EURUSD=X,1678233600,1.0551,,,0.9964,1d,6mo
EURUSD=X,1678320000,1.055,,,0.9964,1d,6mo
EURUSD=X,1678406400,1.0585,,,0.9964,1d,6mo
EURUSD=X,1678665600,1.0684,,,0.9964,1d,6mo
EURUSD=X,1678752000,1.0725,,,0.9964,1d,6mo
EURUSD=X,1678838400,1.0728,,,0.9964,1d,6mo
EURUSD=X,1678924800,1.0583,,,0.9964,1d,6mo
EURUSD=X,1679011200,1.0614,,,0.9964,1d,6mo
EURUSD=X,1679270400,1.0679,,,0.9964,1d,6mo
EURUSD=X,1679356800,1.0719,,,0.9964,1d,6mo
EURUSD=X,1679443200,1.0774,,,0.9964,1d,6mo
EURUSD=X,1679529600,1.087,,,0.9964,1d,6mo
EURUSD=X,1679616000,1.0835,,,0.9964,1d,6mo
EURUSD=X,1679871600,1.0778,,,0.9964,1d,6mo
EURUSD=X,1679958000,1.0807,,,0.9964,1d,6mo
EURUSD=X,1680044400,1.084,,,0.9964,1d,6mo
EURUSD=X,1680130800,1.0844,,,0.9964,1d,6mo
EURUSD=X,1680217200,1.0905,,,0.9964,1d,6mo
EURUSD=X,1680476400,1.0803,,,0.9964,1d,6mo
EURUSD=X,1680562800,1.0912,,,0.9964,1d,6mo
EURUSD=X,1680649200,1.096,,,0.9964,1d,6mo
EURUSD=X,1680735600,1.0903,,,0.9964,1d,6mo
EURUSD=X,1680822000,1.092,,,0.9964,1d,6mo
EURUSD=X,1681081200,1.0914,,,0.9964,1d,6mo
EURUSD=X,1681167600,1.0869,,,0.9964,1d,6mo
EURUSD=X,1681254000,1.0918,,,0.9964,1d,6mo
EURUSD=X,1681340400,1.1,,,0.9964,1d,6mo
EURUSD=X,1681426800,1.1055,,,0.9964,1d,6mo
EURUSD=X,1681686000,1.0987,,,0.9964,1d,6mo
EURUSD=X,1681772400,1.0925,,,0.9964,1d,6mo
EURUSD=X,1681858800,1.0975,,,0.9964,1d,6mo
EURUSD=X,1681945200,1.0952,,,0.9964,1d,6mo
EURUSD=X,1682031600,1.0971,,,0.9964,1d,6mo
EURUSD=X,1682290800,1.0992,,,0.9964,1d,6mo
EURUSD=X,1682377200,1.1059,,,0.9964,1d,6mo
EURUSD=X,1682506122,1.1061,,,0.9964,1d,6mo
GBPCAD=X,1666738800,1.5606,,,1.5606,1d,6mo
GBPCAD=X,1666825200,1.577,,,1.5606,1d,6mo
GBPCAD=X,1666911600,1.5685,,,1.5606,1d,6mo
GBPCAD=X,1667174400,1.5777,,,1.5606,1d,6mo
GBPCAD=X,1667260800,1.5609,,,1.5606,1d,6mo
GBPCAD=X,1667347200,1.5646,,,1.5606,1d,6mo
GBPCAD=X,1667433600,1.5612,,,1.5606,1d,6mo
GBPCAD=X,1667520000,1.535,,,1.5606,1d,6mo
GBPCAD=X,1667779200,1.531,,,1.5606,1d,6mo
GBPCAD=X,1667865600,1.554,,,1.5606,1d,6mo
GBPCAD=X,1667952000,1.5492,,,1.5606,1d,6mo
GBPCAD=X,1668038400,1.5371,,,1.5606,1d,6mo
GBPCAD=X,1668124800,1.5589,,,1.5606,1d,6mo
GBPCAD=X,1668384000,1.5686,,,1.5606,1d,6mo
GBPCAD=X,1668470400,1.5656,,,1.5606,1d,6mo
GBPCAD=X,1668556800,1.5768,,,1.5606,1d,6mo
GBPCAD=X,1668643200,1.5887,,,1.5606,1d,6mo
GBPCAD=X,1668729600,1.5799,,,1.5606,1d,6mo
GBPCAD=X,1668988800,1.5897,,,1.5606,1d,6mo
GBPCAD=X,1669075200,1.5901,,,1.5606,1d,6mo
GBPCAD=X,1669161600,1.5892,,,1.5606,1d,6mo
GBPCAD=X,1669248000,1.6105,,,1.5606,1d,6mo
GBPCAD=X,1669334400,1.6149,,,1.5606,1d,6mo
GBPCAD=X,1669593600,1.6163,,,1.5606,1d,6mo
GBPCAD=X,1669680000,1.6133,,,1.5606,1d,6mo
GBPCAD=X,1669766400,1.6222,,,1.5606,1d,6mo
GBPCAD=X,1669852800,1.6195,,,1.5606,1d,6mo
GBPCAD=X,1669939200,1.6469,,,1.5606,1d,6mo
GBPCAD=X,1670198400,1.6533,,,1.5606,1d,6mo
GBPCAD=X,1670284800,1.6566,,,1.5606,1d,6mo
GBPCAD=X,1670371200,1.6557,,,1.5606,1d,6mo
GBPCAD=X,1670457600,1.6669,,,1.5606,1d,6mo
GBPCAD=X,1670544000,1.6635,,,1.5606,1d,6mo
GBPCAD=X,1670803200,1.671,,,1.5606,1d,6mo
GBPCAD=X,1670889600,1.6721,,,1.5606,1d,6mo
GBPCAD=X,1670976000,1.6745,,,1.5606,1d,6mo
GBPCAD=X,1671062400,1.6823,,,1.5606,1d,6mo
GBPCAD=X,1671148800,1.6647,,,1.5606,1d,6mo
GBPCAD=X,1671408000,1.6632,,,1.5606,1d,6mo
GBPCAD=X,1671494400,1.6575,,,1.5606,1d,6mo
GBPCAD=X,1671580800,1.6576,,,1.5606,1d,6mo
GBPCAD=X,1671667200,1.6439,,,1.5606,1d,6mo
GBPCAD=X,1671753600,1.6416,,,1.5606,1d,6mo
GBPCAD=X,1672012800,1.639,,,1.5606,1d,6mo
GBPCAD=X,1672099200,1.638,,,1.5606,1d,6mo
GBPCAD=X,1672185600,1.6258,,,1.5606,1d,6mo
GBPCAD=X,1672272000,1.6351,,,1.5606,1d,6mo
GBPCAD=X,1672358400,1.6333,,,1.5606,1d,6mo
GBPCAD=X,1672617600,1.6388,,,1.5606,1d,6mo
GBPCAD=X,1672704000,1.6355,,,1.5606,1d,6mo
GBPCAD=X,1672790400,1.6362,,,1.5606,1d,6mo
GBPCAD=X,1672876800,1.6257,,,1.5606,1d,6mo
GBPCAD=X,1672963200,1.6146,,,1.5606,1d,6mo
GBPCAD=X,1673222400,1.6276,,,1.5606,1d,6mo
GBPCAD=X,1673308800,1.6318,,,1.5606,1d,6mo
GBPCAD=X,1673395200,1.6326,,,1.5606,1d,6mo
GBPCAD=X,1673481600,1.6324,,,1.5606,1d,6mo
GBPCAD=X,1673568000,1.6342,,,1.5606,1d,6mo
GBPCAD=X,1673827200,1.6376,,,1.5606,1d,6mo
GBPCAD=X,1673913600,1.6355,,,1.5606,1d,6mo
GBPCAD=X,1674000000,1.6447,,,1.5606,1d,6mo
GBPCAD=X,1674086400,1.6662,,,1.5606,1d,6mo
GBPCAD=X,1674172800,1.6676,,,1.5606,1d,6mo
GBPCAD=X,1674432000,1.6586,,,1.5606,1d,6mo
GBPCAD=X,1674518400,1.6547,,,1.5606,1d,6mo
GBPCAD=X,1674604800,1.6483,,,1.5606,1d,6mo
GBPCAD=X,1674691200,1.6603,,,1.5606,1d,6mo
GBPCAD=X,1674777600,1.6525,,,1.5606,1d,6mo
GBPCAD=X,1675036800,1.6494,,,1.5606,1d,6mo
GBPCAD=X,1675123200,1.6526,,,1.5606,1d,6mo
GBPCAD=X,1675209600,1.6373,,,1.5606,1d,6mo
GBPCAD=X,1675296000,1.6439,,,1.5606,1d,6mo
GBPCAD=X,1675382400,1.6275,,,1.5606,1d,6mo
GBPCAD=X,1675641600,1.6138,,,1.5606,1d,6mo
GBPCAD=X,1675728000,1.6162,,,1.5606,1d,6mo
GBPCAD=X,1675814400,1.6137,,,1.5606,1d,6mo
GBPCAD=X,1675900800,1.6228,,,1.5606,1d,6mo
GBPCAD=X,1675987200,1.6293,,,1.5606,1d,6mo
GBPCAD=X,1676246400,1.6097,,,1.5606,1d,6mo
GBPCAD=X,1676332800,1.6202,,,1.5606,1d,6mo
GBPCAD=X,1676419200,1.6239,,,1.5606,1d,6mo
GBPCAD=X,1676505600,1.6118,,,1.5606,1d,6mo
GBPCAD=X,1676592000,1.6132,,,1.5606,1d,6mo
GBPCAD=X,1676851200,1.6217,,,1.5606,1d,6mo
GBPCAD=X,1676937600,1.6195,,,1.5606,1d,6mo
GBPCAD=X,1677024000,1.6388,,,1.5606,1d,6mo
GBPCAD=X,1677110400,1.6316,,,1.5606,1d,6mo
GBPCAD=X,1677196800,1.6273,,,1.5606,1d,6mo
GBPCAD=X,1677456000,1.6245,,,1.5606,1d,6mo
GBPCAD=X,1677542400,1.637,,,1.5606,1d,6mo
GBPCAD=X,1677628800,1.6417,,,1.5606,1d,6mo
GBPCAD=X,1677715200,1.6343,,,1.5606,1d,6mo
GBPCAD=X,1677801600,1.6245,,,1.5606,1d,6mo
GBPCAD=X,1678060800,1.636,,,1.5606,1d,6mo
GBPCAD=X,1678147200,1.6372,,,1.5606,1d,6mo
GBPCAD=X,1678233600,1.626,,,1.5606,1d,6mo
GBPCAD=X,1678320000,1.635,,,1.5606,1d,6mo
GBPCAD=X,1678406400,1.6487,,,1.5606,1d,6mo
GBPCAD=X,1678665600,1.6621,,,1.5606,1d,6mo
GBPCAD=X,1678752000,1.6715,,,1.5606,1d,6mo
GBPCAD=X,1678838400,1.6631,,,1.5606,1d,6mo
GBPCAD=X,1678924800,1.6608,,,1.5606,1d,6mo
GBPCAD=X,1679011200,1.661,,,1.5606,1d,6mo
GBPCAD=X,1679270400,1.6706,,,1.5606,1d,6mo
GBPCAD=X,1679356800,1.6777,,,1.5606,1d,6mo
GBPCAD=X,1679443200,1.6755,,,1.5606,1d,6mo
GBPCAD=X,1679529600,1.684,,,1.5606,1d,6mo
GBPCAD=X,1679616000,1.6842,,,1.5606,1d,6mo
GBPCAD=X,1679871600,1.6809,,,1.5606,1d,6mo
GBPCAD=X,1679958000,1.6788,,,1.5606,1d,6mo
GBPCAD=X,1680044400,1.676,,,1.5606,1d,6mo
GBPCAD=X,1680130800,1.6698,,,1.5606,1d,6mo
GBPCAD=X,1680217200,1.6747,,,1.5606,1d,6mo
GBPCAD=X,1680476400,1.6588,,,1.5606,1d,6mo
GBPCAD=X,1680562800,1.6687,,,1.5606,1d,6mo
GBPCAD=X,1680649200,1.6796,,,1.5606,1d,6mo
GBPCAD=X,1680735600,1.6767,,,1.5606,1d,6mo
GBPCAD=X,1680822000,1.6783,,,1.5606,1d,6mo
GBPCAD=X,1681081200,1.6784,,,1.5606,1d,6mo
GBPCAD=X,1681167600,1.6731,,,1.5606,1d,6mo
GBPCAD=X,1681254000,1.6732,,,1.5606,1d,6mo
GBPCAD=X,1681340400,1.6788,,,1.5606,1d,6mo
GBPCAD=X,1681426800,1.6706,,,1.5606,1d,6mo
GBPCAD=X,1681686000,1.6574,,,1.5606,1d,6mo
GBPCAD=X,1681772400,1.6573,,,1.5606,1d,6mo
GBPCAD=X,1681858800,1.6637,,,1.5606,1d,6mo
GBPCAD=X,1681945200,1.6739,,,1.5606,1d,6mo
GBPCAD=X,1682031600,1.6766,,,1.5606,1d,6mo
GBPCAD=X,1682290800,1.6852,,,1.5606,1d,6mo
GBPCAD=X,1682377200,1.6913,,,1.5606,1d,6mo
GBPCAD=X,1682506145,1.7005,,,1.5606,1d,6mo
AUDUSD=X,1666738800,0.6386,,,0.6386,1d,6mo
AUDUSD=X,1666825200,0.6493,,,0.6386,1d,6mo
AUDUSD=X,1666911600,0.6451,,,0.6386,1d,6mo
AUDUSD=X,1667174400,0.6401,,,0.6386,1d,6mo
AUDUSD=X,1667260800,0.641,,,0.6386,1d,6mo
AUDUSD=X,1667347200,0.6397,,,0.6386,1d,6mo
AUDUSD=X,1667433600,0.6339,,,0.6386,1d,6mo
AUDUSD=X,1667520000,0.6289,,,0.6386,1d,6mo
AUDUSD=X,1667779200,0.6439,,,0.6386,1d,6mo
AUDUSD=X,1667865600,0.6475,,,0.6386,1d,6mo
AUDUSD=X,1667952000,0.6509,,,0.6386,1d,6mo
AUDUSD=X,1668038400,0.6434,,,0.6386,1d,6mo
AUDUSD=X,1668124800,0.6607,,,0.6386,1d,6mo
AUDUSD=X,1668384000,0.6699,,,0.6386,1d,6mo
AUDUSD=X,1668470400,0.6692,,,0.6386,1d,6mo
AUDUSD=X,1668556800,0.6769,,,0.6386,1d,6mo
AUDUSD=X,1668643200,0.6739,,,0.6386,1d,6mo
AUDUSD=X,1668729600,0.6689,,,0.6386,1d,6mo
AUDUSD=X,1668988800,0.6682,,,0.6386,1d,6mo
AUDUSD=X,1669075200,0.6608,,,0.6386,1d,6mo
AUDUSD=X,1669161600,0.665,,,0.6386,1d,6mo
AUDUSD=X,1669248000,0.6744,,,0.6386,1d,6mo
AUDUSD=X,1669334400,0.6766,,,0.6386,1d,6mo
AUDUSD=X,1669593600,0.6712,,,0.6386,1d,6mo
AUDUSD=X,1669680000,0.6652,,,0.6386,1d,6mo
AUDUSD=X,1669766400,0.6684,,,0.6386,1d,6mo
AUDUSD=X,1669852800,0.68,,,0.6386,1d,6mo
AUDUSD=X,1669939200,0.6811,,,0.6386,1d,6mo
AUDUSD=X,1670198400,0.6813,,,0.6386,1d,6mo
AUDUSD=X,1670284800,0.6708,,,0.6386,1d,6mo
AUDUSD=X,1670371200,0.6699,,,0.6386,1d,6mo
AUDUSD=X,1670457600,0.6727,,,0.6386,1d,6mo
AUDUSD=X,1670544000,0.6777,,,0.6386,1d,6mo
AUDUSD=X,1670803200,0.6781,,,0.6386,1d,6mo
AUDUSD=X,1670889600,0.6754,,,0.6386,1d,6mo
AUDUSD=X,1670976000,0.6842,,,0.6386,1d,6mo
AUDUSD=X,1671062400,0.6858,,,0.6386,1d,6mo
AUDUSD=X,1671148800,0.6706,,,0.6386,1d,6mo
AUDUSD=X,1671408000,0.6687,,,0.6386,1d,6mo
AUDUSD=X,1671494400,0.6708,,,0.6386,1d,6mo
AUDUSD=X,1671580800,0.6688,,,0.6386,1d,6mo
AUDUSD=X,1671667200,0.6717,,,0.6386,1d,6mo
AUDUSD=X,1671753600,0.6678,,,0.6386,1d,6mo
AUDUSD=X,1672012800,0.6712,,,0.6386,1d,6mo
AUDUSD=X,1672099200,0.6745,,,0.6386,1d,6mo
AUDUSD=X,1672185600,0.673,,,0.6386,1d,6mo
AUDUSD=X,1672272000,0.6747,,,0.6386,1d,6mo
AUDUSD=X,1672358400,0.6766,,,0.6386,1d,6mo
AUDUSD=X,1672617600,0.6823,,,0.6386,1d,6mo
AUDUSD=X,1672704000,0.6806,,,0.6386,1d,6mo
AUDUSD=X,1672790400,0.6728,,,0.6386,1d,6mo
AUDUSD=X,1672876800,0.6829,,,0.6386,1d,6mo
AUDUSD=X,1672963200,0.6756,,,0.6386,1d,6mo
AUDUSD=X,1673222400,0.6894,,,0.6386,1d,6mo
AUDUSD=X,1673308800,0.691,,,0.6386,1d,6mo
AUDUSD=X,1673395200,0.6895,,,0.6386,1d,6mo
AUDUSD=X,1673481600,0.6911,,,0.6386,1d,6mo
AUDUSD=X,1673568000,0.6968,,,0.6386,1d,6mo
AUDUSD=X,1673827200,0.6974,,,0.6386,1d,6mo
AUDUSD=X,1673913600,0.6966,,,0.6386,1d,6mo
AUDUSD=X,1674000000,0.6988,,,0.6386,1d,6mo
AUDUSD=X,1674086400,0.6944,,,0.6386,1d,6mo
AUDUSD=X,1674172800,0.6914,,,0.6386,1d,6mo
AUDUSD=X,1674432000,0.6983,,,0.6386,1d,6mo
AUDUSD=X,1674518400,0.7029,,,0.6386,1d,6mo
AUDUSD=X,1674604800,0.7047,,,0.6386,1d,6mo
AUDUSD=X,1674691200,0.7108,,,0.6386,1d,6mo
AUDUSD=X,1674777600,0.7114,,,0.6386,1d,6mo
AUDUSD=X,1675036800,0.7108,,,0.6386,1d,6mo
AUDUSD=X,1675123200,0.7058,,,0.6386,1d,6mo
AUDUSD=X,1675209600,0.7051,,,0.6386,1d,6mo
AUDUSD=X,1675296000,0.7145,,,0.6386,1d,6mo
AUDUSD=X,1675382400,0.7075,,,0.6386,1d,6mo
AUDUSD=X,1675641600,0.6921,,,0.6386,1d,6mo
AUDUSD=X,1675728000,0.6888,,,0.6386,1d,6mo
AUDUSD=X,1675814400,0.6965,,,0.6386,1d,6mo
AUDUSD=X,1675900800,0.693,,,0.6386,1d,6mo
AUDUSD=X,1675987200,0.6939,,,0.6386,1d,6mo
AUDUSD=X,1676246400,0.6913,,,0.6386,1d,6mo
AUDUSD=X,1676332800,0.697,,,0.6386,1d,6mo
AUDUSD=X,1676419200,0.6988,,,0.6386,1d,6mo
AUDUSD=X,1676505600,0.6907,,,0.6386,1d,6mo
AUDUSD=X,1676592000,0.6862,,,0.6386,1d,6mo
AUDUSD=X,1676851200,0.6869,,,0.6386,1d,6mo
AUDUSD=X,1676937600,0.6909,,,0.6386,1d,6mo
AUDUSD=X,1677024000,0.6862,,,0.6386,1d,6mo
AUDUSD=X,1677110400,0.6813,,,0.6386,1d,6mo
AUDUSD=X,1677196800,0.681,,,0.6386,1d,6mo
AUDUSD=X,1677456000,0.6736,,,0.6386,1d,6mo
AUDUSD=X,1677542400,0.6743,,,0.6386,1d,6mo
AUDUSD=X,1677628800,0.6731,,,0.6386,1d,6mo
AUDUSD=X,1677715200,0.676,,,0.6386,1d,6mo
AUDUSD=X,1677801600,0.6735,,,0.6386,1d,6mo
AUDUSD=X,1678060800,0.6755,,,0.6386,1d,6mo
AUDUSD=X,1678147200,0.6733,,,0.6386,1d,6mo
AUDUSD=X,1678233600,0.6591,,,0.6386,1d,6mo
AUDUSD=X,1678320000,0.6594,,,0.6386,1d,6mo
AUDUSD=X,1678406400,0.6591,,,0.6386,1d,6mo
AUDUSD=X,1678665600,0.6634,,,0.6386,1d,6mo
AUDUSD=X,1678752000,0.6659,,,0.6386,1d,6mo
AUDUSD=X,1678838400,0.6689,,,0.6386,1d,6mo
AUDUSD=X,1678924800,0.6618,,,0.6386,1d,6mo
AUDUSD=X,1679011200,0.6663,,,0.6386,1d,6mo
AUDUSD=X,1679270400,0.6713,,,0.6386,1d,6mo
AUDUSD=X,1679356800,0.6717,,,0.6386,1d,6mo
AUDUSD=X,1679443200,0.6678,,,0.6386,1d,6mo
AUDUSD=X,1679529600,0.6699,,,0.6386,1d,6mo
AUDUSD=X,1679616000,0.6682,,,0.6386,1d,6mo
AUDUSD=X,1679871600,0.6655,,,0.6386,1d,6mo
AUDUSD=X,1679958000,0.666,,,0.6386,1d,6mo
AUDUSD=X,1680044400,0.6707,,,0.6386,1d,6mo
AUDUSD=X,1680130800,0.6682,,,0.6386,1d,6mo
AUDUSD=X,1680217200,0.6717,,,0.6386,1d,6mo
AUDUSD=X,1680476400,0.6659,,,0.6386,1d,6mo
AUDUSD=X,1680562800,0.6789,,,0.6386,1d,6mo
AUDUSD=X,1680649200,0.6758,,,0.6386,1d,6mo
AUDUSD=X,1680735600,0.6717,,,0.6386,1d,6mo
AUDUSD=X,1680822000,0.6676,,,0.6386,1d,6mo
AUDUSD=X,1681081200,0.6674,,,0.6386,1d,6mo
AUDUSD=X,1681167600,0.6648,,,0.6386,1d,6mo
AUDUSD=X,1681254000,0.6654,,,0.6386,1d,6mo
AUDUSD=X,1681340400,0.6699,,,0.6386,1d,6mo
AUDUSD=X,1681426800,0.6784,,,0.6386,1d,6mo
AUDUSD=X,1681686000,0.6705,,,0.6386,1d,6mo
AUDUSD=X,1681772400,0.67,,,0.6386,1d,6mo
AUDUSD=X,1681858800,0.6736,,,0.6386,1d,6mo
AUDUSD=X,1681945200,0.6706,,,0.6386,1d,6mo
AUDUSD=X,1682031600,0.6743,,,0.6386,1d,6mo
AUDUSD=X,1682290800,0.6693,,,0.6386,1d,6mo
AUDUSD=X,1682377200,0.6704,,,0.6386,1d,6mo
AUDUSD=X,1682506135,0.6608,,,0.6386,1d,6mo
GBPEUR=X,1666738800,1.1503,,,1.1503,1d,6mo
GBPEUR=X,1666825200,1.1531,,,1.1503,1d,6mo
GBPEUR=X,1666911600,1.1602,,,1.1503,1d,6mo
GBPEUR=X,1667174400,1.1646,,,1.1503,1d,6mo
GBPEUR=X,1667260800,1.1599,,,1.1503,1d,6mo
GBPEUR=X,1667347200,1.163,,,1.1503,1d,6mo
GBPEUR=X,1667433600,1.1595,,,1.1503,1d,6mo
GBPEUR=X,1667520000,1.1457,,,1.1503,1d,6mo
GBPEUR=X,1667779200,1.1412,,,1.1503,1d,6mo
GBPEUR=X,1667865600,1.1495,,,1.1503,1d,6mo
GBPEUR=X,1667952000,1.1458,,,1.1503,1d,6mo
GBPEUR=X,1668038400,1.1345,,,1.1503,1d,6mo
GBPEUR=X,1668124800,1.1474,,,1.1503,1d,6mo
GBPEUR=X,1668384000,1.1422,,,1.1503,1d,6mo
GBPEUR=X,1668470400,1.1386,,,1.1503,1d,6mo
GBPEUR=X,1668556800,1.1468,,,1.1503,1d,6mo
GBPEUR=X,1668643200,1.1462,,,1.1503,1d,6mo
GBPEUR=X,1668729600,1.1444,,,1.1503,1d,6mo
GBPEUR=X,1668988800,1.1503,,,1.1503,1d,6mo
GBPEUR=X,1669075200,1.1542,,,1.1503,1d,6mo
GBPEUR=X,1669161600,1.1534,,,1.1503,1d,6mo
GBPEUR=X,1669248000,1.1588,,,1.1503,1d,6mo
GBPEUR=X,1669334400,1.1636,,,1.1503,1d,6mo
GBPEUR=X,1669593600,1.1626,,,1.1503,1d,6mo
GBPEUR=X,1669680000,1.1561,,,1.1503,1d,6mo
GBPEUR=X,1669766400,1.1571,,,1.1503,1d,6mo
GBPEUR=X,1669852800,1.158,,,1.1503,1d,6mo
GBPEUR=X,1669939200,1.1643,,,1.1503,1d,6mo
GBPEUR=X,1670198400,1.166,,,1.1503,1d,6mo
GBPEUR=X,1670284800,1.1614,,,1.1503,1d,6mo
GBPEUR=X,1670371200,1.159,,,1.1503,1d,6mo
GBPEUR=X,1670457600,1.1614,,,1.1503,1d,6mo
GBPEUR=X,1670544000,1.1588,,,1.1503,1d,6mo
GBPEUR=X,1670803200,1.163,,,1.1503,1d,6mo
GBPEUR=X,1670889600,1.1639,,,1.1503,1d,6mo
GBPEUR=X,1670976000,1.1624,,,1.1503,1d,6mo
GBPEUR=X,1671062400,1.1631,,,1.1503,1d,6mo
GBPEUR=X,1671148800,1.1458,,,1.1503,1d,6mo
GBPEUR=X,1671408000,1.1487,,,1.1503,1d,6mo
GBPEUR=X,1671494400,1.1451,,,1.1503,1d,6mo
GBPEUR=X,1671580800,1.147,,,1.1503,1d,6mo
GBPEUR=X,1671667200,1.1383,,,1.1503,1d,6mo
GBPEUR=X,1671753600,1.1353,,,1.1503,1d,6mo
GBPEUR=X,1672012800,1.1342,,,1.1503,1d,6mo
GBPEUR=X,1672099200,1.1355,,,1.1503,1d,6mo
GBPEUR=X,1672185600,1.1305,,,1.1503,1d,6mo
GBPEUR=X,1672272000,1.1315,,,1.1503,1d,6mo
GBPEUR=X,1672358400,1.1307,,,1.1503,1d,6mo
GBPEUR=X,1672617600,1.1295,,,1.1503,1d,6mo
GBPEUR=X,1672704000,1.1296,,,1.1503,1d,6mo
GBPEUR=X,1672790400,1.1347,,,1.1503,1d,6mo
GBPEUR=X,1672876800,1.1366,,,1.1503,1d,6mo
GBPEUR=X,1672963200,1.1318,,,1.1503,1d,6mo
GBPEUR=X,1673222400,1.1368,,,1.1503,1d,6mo
GBPEUR=X,1673308800,1.1349,,,1.1503,1d,6mo
GBPEUR=X,1673395200,1.1317,,,1.1503,1d,6mo
GBPEUR=X,1673481600,1.1292,,,1.1503,1d,6mo
GBPEUR=X,1673568000,1.1248,,,1.1503,1d,6mo
GBPEUR=X,1673827200,1.1293,,,1.1503,1d,6mo
GBPEUR=X,1673913600,1.1271,,,1.1503,1d,6mo
GBPEUR=X,1674000000,1.1384,,,1.1503,1d,6mo
GBPEUR=X,1674086400,1.1434,,,1.1503,1d,6mo
GBPEUR=X,1674172800,1.1438,,,1.1503,1d,6mo
GBPEUR=X,1674432000,1.1417,,,1.1503,1d,6mo
GBPEUR=X,1674518400,1.1386,,,1.1503,1d,6mo
GBPEUR=X,1674604800,1.1322,,,1.1503,1d,6mo
GBPEUR=X,1674691200,1.1363,,,1.1503,1d,6mo
GBPEUR=X,1674777600,1.1395,,,1.1503,1d,6mo
GBPEUR=X,1675036800,1.1405,,,1.1503,1d,6mo
GBPEUR=X,1675123200,1.1381,,,1.1503,1d,6mo
GBPEUR=X,1675209600,1.1332,,,1.1503,1d,6mo
GBPEUR=X,1675296000,1.1246,,,1.1503,1d,6mo
GBPEUR=X,1675382400,1.1203,,,1.1503,1d,6mo
GBPEUR=X,1675641600,1.116,,,1.1503,1d,6mo
GBPEUR=X,1675728000,1.1208,,,1.1503,1d,6mo
GBPEUR=X,1675814400,1.123,,,1.1503,1d,6mo
GBPEUR=X,1675900800,1.1264,,,1.1503,1d,6mo
GBPEUR=X,1675987200,1.128,,,1.1503,1d,6mo
GBPEUR=X,1676246400,1.1286,,,1.1503,1d,6mo
GBPEUR=X,1676332800,1.1324,,,1.1503,1d,6mo
GBPEUR=X,1676419200,1.1339,,,1.1503,1d,6mo
GBPEUR=X,1676505600,1.1257,,,1.1503,1d,6mo
GBPEUR=X,1676592000,1.1226,,,1.1503,1d,6mo
GBPEUR=X,1676851200,1.1258,,,1.1503,1d,6mo
GBPEUR=X,1676937600,1.1268,,,1.1503,1d,6mo
GBPEUR=X,1677024000,1.1367,,,1.1503,1d,6mo
GBPEUR=X,1677110400,1.1358,,,1.1503,1d,6mo
GBPEUR=X,1677196800,1.1338,,,1.1503,1d,6mo
GBPEUR=X,1677456000,1.1322,,,1.1503,1d,6mo
GBPEUR=X,1677542400,1.1368,,,1.1503,1d,6mo
GBPEUR=X,1677628800,1.1375,,,1.1503,1d,6mo
GBPEUR=X,1677715200,1.1272,,,1.1503,1d,6mo
GBPEUR=X,1677801600,1.1274,,,1.1503,1d,6mo
GBPEUR=X,1678060800,1.1318,,,1.1503,1d,6mo
GBPEUR=X,1678147200,1.1252,,,1.1503,1d,6mo
GBPEUR=X,1678233600,1.1211,,,1.1503,1d,6mo
GBPEUR=X,1678320000,1.1232,,,1.1503,1d,6mo
GBPEUR=X,1678406400,1.1262,,,1.1503,1d,6mo
GBPEUR=X,1678665600,1.1303,,,1.1503,1d,6mo
GBPEUR=X,1678752000,1.1347,,,1.1503,1d,6mo
GBPEUR=X,1678838400,1.1326,,,1.1503,1d,6mo
GBPEUR=X,1678924800,1.1402,,,1.1503,1d,6mo
GBPEUR=X,1679011200,1.1408,,,1.1503,1d,6mo
GBPEUR=X,1679270400,1.1411,,,1.1503,1d,6mo
GBPEUR=X,1679356800,1.145,,,1.1503,1d,6mo
GBPEUR=X,1679443200,1.1345,,,1.1503,1d,6mo
GBPEUR=X,1679529600,1.1292,,,1.1503,1d,6mo
GBPEUR=X,1679616000,1.1334,,,1.1503,1d,6mo
GBPEUR=X,1679871600,1.136,,,1.1503,1d,6mo
GBPEUR=X,1679958000,1.1378,,,1.1503,1d,6mo
GBPEUR=X,1680044400,1.1373,,,1.1503,1d,6mo
GBPEUR=X,1680130800,1.1353,,,1.1503,1d,6mo
GBPEUR=X,1680217200,1.1356,,,1.1503,1d,6mo
GBPEUR=X,1680476400,1.1369,,,1.1503,1d,6mo
GBPEUR=X,1680562800,1.1387,,,1.1503,1d,6mo
GBPEUR=X,1680649200,1.1406,,,1.1503,1d,6mo
GBPEUR=X,1680735600,1.1429,,,1.1503,1d,6mo
GBPEUR=X,1680822000,1.1389,,,1.1503,1d,6mo
GBPEUR=X,1681081200,1.139,,,1.1503,1d,6mo
GBPEUR=X,1681167600,1.14,,,1.1503,1d,6mo
GBPEUR=X,1681254000,1.1385,,,1.1503,1d,6mo
GBPEUR=X,1681340400,1.1358,,,1.1503,1d,6mo
GBPEUR=X,1681426800,1.1332,,,1.1503,1d,6mo
GBPEUR=X,1681686000,1.1288,,,1.1503,1d,6mo
GBPEUR=X,1681772400,1.1324,,,1.1503,1d,6mo
GBPEUR=X,1681858800,1.132,,,1.1503,1d,6mo
GBPEUR=X,1681945200,1.1348,,,1.1503,1d,6mo
GBPEUR=X,1682031600,1.1342,,,1.1503,1d,6mo
GBPEUR=X,1682290800,1.1323,,,1.1503,1d,6mo
GBPEUR=X,1682377200,1.1301,,,1.1503,1d,6mo
GBPEUR=X,1682506135,1.1289,,,1.1503,1d,6mo
